,intercepts,fac1,fac2,degree
opponent,243.73663239201545,0.6478628227768847,,1
player,522.3150487096349,-2.215716902985618,0.005340666609532552,2
